var,es
linkdepth,0.117947308
c3,-5.503985362
c15,-0.155306313
c17,0.19239023
linkdepth_s2,0.188757675
c3_s2,-5.959526538
c15_s2,0.27903124
c17_s2,-0.868388847