var,coef
linkdepth,-0.107583086
c3,0.579049489
c15,-0.53350555
c17,1.355668863
linkdepth_s2,0.048933559
c3_s2,-0.151457036
c15_s2,0.132605444
c17_s2,-0.390243282