var,est
linkdepth,-0.077501688
c3,0.445524748
c15,-0.42384166
c17,1.05762781
linkdepth_s2,0.094013682
c3_s2,-0.355775839
c15_s2,0.127471675
c17_s2,-0.36184232