var,coef
linkdepth,-0.131776801
c3,0.613228652
c15,-0.467240102
c17,1.434132526
linkdepth_s2,0.076097718
c3_s2,-0.184113447
c15_s2,0.049901051
c17_s2,-0.476344118