Condition,coef
S1M1,0.2676291
S1M2,0.2808219
S2M1,0.08195719
S2M2,0.08360853