"","cond","value"
"1","mu1mu11",4.24140374978174
"2","mu2m11",4.22089319467874
