cond,value
m1mu11,4.24140375
m2mu11,4.220893195