var,coef
linkdepth,0.01879254
c3,0.281208543
c15,-0.439113908
c17,0.751666631
linkdepth_s2,0.123066502
c3_s2,-0.239176516
c15_s2,-0.04092331
c17_s2,-0.410417235