Condition,coef
S1M1,0.15912031
S1M2,0.15982422
S2M1,0.08968883
S2M2,0.08594319 
