cond,pi0
m1s1,0.976719683
m1s2,0.021272584
m1s3,0.002007733
m2s1,0.990962977
m2s2,0.005650331
m2s3,0.003386691