StateCondition,bounce_prob
S1_C1,0.001
S2_C1,0.07032434
S1_C4,0.001
S2_C4,0.06577345





