Condition,pbounce
S1M1,0.152255841
S1M2,0.151351922
S2M1,0.071535022
S2M2,0.10840708
S3M1,0.206521739
S3M2,0.18 
