cond,value
m1s1,0.002358996
m1s2,0.577105862
m1s3,0.59909366
m2s1,0.00184367
m2s2,0.73899763
m2s3,0.75872857