var,coef
linkdepth,0.0115165
c3,0.08023787
c15,-0.3051862
c17,0.66075086
linkdepth_s2,0.10420787
c3_s2,-0.4526361
c15_s2,0.13702114
c17_s2,-0.4868782