var,coef
linkdepth,0.015532465
c3,-0.07312015
c15,-0.315252297
c17,0.747630745
linkdepth_s2,0.102261445
c3_s2,-0.593303785
c15_s2,0.144308036
c17_s2,-0.364376237