coef,value
linkdepth,0.137137881
c3,0.139442793
c15,0.398844997
c17,0.077450691
linkdepth_s3,0.205072758
c3_s3,-0.488792369
c15_s3,0.053621073
c17_s3,-1.072623377