Condition,pbounce
S1M1,0.151783807
S1M2,0.151170145
S2M1,0.151783807
S2M2,0.151170145
S3M1,0.101282051
S3M2,0.123595506