cond,value
m1s1,0.002797532
m1s2,0.321294397
m1s3,0.658576879
m2s1,0.00260346
m2s2,0.052609772
m2s3,0.773892722