cond,coef
m1mu11,7.294490527
m1mu21,1.173787234
m2mu11,8.145856466
m2mu21,2.136556528