var,coef
linkdepth,0.158053483
c3,0.216795852
c15,0.419477469
c17,0.013485389
linkdepth_s2,0.224647737
c3_s2,-0.402760709
c15_s2,0.074637218
c17_s2,-1.127604885