Condition,values
S1M1,0.150257434
S1M2,0.151170145
S2M1,0.112
S2M2,0.123595506