cond,value
m1s1,0.001807731
m1s2,0.7064336
m2s1,0.001923569
m2s2,0.8461273